time,mouse_x,mouse_y,button,state
0.21851348876953125,954,314,NoButton,Move
0.2254655361175537,949,328,NoButton,Move
0.232468843460083,945,341,NoButton,Move
0.23917245864868164,937,364,NoButton,Move
0.2457103729248047,932,387,NoButton,Move
0.2528872489929199,929,409,NoButton,Move
0.25975966453552246,927,431,NoButton,Move
0.2667262554168701,927,452,NoButton,Move
0.2738807201385498,931,478,NoButton,Move
0.28027772903442383,939,508,NoButton,Move
0.28719353675842285,947,530,NoButton,Move
0.29384684562683105,961,550,NoButton,Move
0.3008854389190674,975,571,NoButton,Move
0.3079080581665039,993,588,NoButton,Move
0.31490635871887207,1014,602,NoButton,Move
0.3217790126800537,1036,612,NoButton,Move
0.32786035537719727,1057,618,NoButton,Move
0.3350036144256592,1080,623,NoButton,Move
0.3420593738555908,1102,625,NoButton,Move
0.3490583896636963,1123,624,NoButton,Move
0.35601139068603516,1137,623,NoButton,Move
0.362790584564209,1152,620,NoButton,Move
0.37007904052734375,1165,617,NoButton,Move
0.3766152858734131,1176,613,NoButton,Move
0.3834266662597656,1185,611,NoButton,Move
0.3902249336242676,1190,610,NoButton,Move
0.39717841148376465,1196,608,NoButton,Move
0.40413618087768555,1198,607,NoButton,Move
0.41091346740722656,1200,606,NoButton,Move
0.4179558753967285,1201,606,NoButton,Move
0.4247009754180908,1202,606,NoButton,Move
0.45877885818481445,1202,606,NoButton,Move
0.472581148147583,1201,606,NoButton,Move
0.4862251281738281,1200,606,NoButton,Move
0.49309754371643066,1200,606,NoButton,Move
0.5,1198,606,NoButton,Move
0.5069031715393066,1197,607,NoButton,Move
0.5137636661529541,1197,607,NoButton,Move
0.5208063125610352,1196,608,NoButton,Move
0.5274970531463623,1195,608,NoButton,Move
0.5411176681518555,1194,608,NoButton,Move
0.5754773616790771,1194,608,NoButton,Move
0.5824215412139893,1193,608,NoButton,Move
0.5960752964019775,1192,608,NoButton,Move
0.6029143333435059,1190,608,NoButton,Move
0.6099188327789307,1188,607,NoButton,Move
0.6169719696044922,1187,607,NoButton,Move
0.6239719390869141,1183,605,NoButton,Move
0.6300084590911865,1179,604,NoButton,Move
0.6370277404785156,1173,602,NoButton,Move
0.6440277099609375,1166,599,NoButton,Move
0.6509857177734375,1160,597,NoButton,Move
0.6580486297607422,1153,593,NoButton,Move
0.6647486686706543,1147,590,NoButton,Move
0.6715943813323975,1141,586,NoButton,Move
0.6785428524017334,1137,583,NoButton,Move
0.6853229999542236,1132,580,NoButton,Move
0.692162036895752,1130,578,NoButton,Move
0.6992323398590088,1127,576,NoButton,Move
0.7060267925262451,1125,575,NoButton,Move
0.7128314971923828,1123,574,NoButton,Move
0.7197558879852295,1123,574,NoButton,Move
0.7265551090240479,1122,574,NoButton,Move
0.7401638031005859,1121,573,NoButton,Move
0.7677299976348877,1121,572,NoButton,Move
0.775216817855835,1121,572,Button.left,Pressed
0.9052338600158691,1121,572,Button.left,Released
1.1376657485961914,1114,574,NoButton,Move
1.144169569015503,1101,583,NoButton,Move
1.1509876251220703,1089,592,NoButton,Move
1.1579954624176025,1075,602,NoButton,Move
1.1647539138793945,1062,612,NoButton,Move
1.1717844009399414,1050,622,NoButton,Move
1.1786324977874756,1039,630,NoButton,Move
1.1857640743255615,1028,639,NoButton,Move
1.191667079925537,1020,647,NoButton,Move
1.1986896991729736,1012,653,NoButton,Move
1.205836296081543,1005,660,NoButton,Move
1.212742805480957,999,665,NoButton,Move
1.21970534324646,994,668,NoButton,Move
1.2265682220458984,990,670,NoButton,Move
1.232787847518921,988,672,NoButton,Move
1.2403113842010498,987,672,NoButton,Move
1.2478573322296143,985,672,NoButton,Move
1.2540535926818848,985,673,NoButton,Move
1.3090972900390625,985,674,NoButton,Move
1.3294076919555664,985,674,Button.left,Pressed
1.460158348083496,985,674,Button.left,Released
1.6892855167388916,989,667,NoButton,Move
1.6961495876312256,997,653,NoButton,Move
1.703176498413086,1007,639,NoButton,Move
1.709789514541626,1017,625,NoButton,Move
1.717221975326538,1026,614,NoButton,Move
1.7235081195831299,1036,603,NoButton,Move
1.7305529117584229,1044,595,NoButton,Move
1.737314224243164,1048,590,NoButton,Move
1.7441792488098145,1053,586,NoButton,Move
1.751119613647461,1055,584,NoButton,Move
1.7580790519714355,1056,583,NoButton,Move
1.765174388885498,1057,583,NoButton,Move
1.7716255187988281,1058,583,NoButton,Move
1.8676726818084717,1058,583,NoButton,Move
1.9081599712371826,1057,583,NoButton,Move
1.9362156391143799,1057,582,NoButton,Move
1.9564688205718994,1057,582,Button.left,Pressed
2.080235004425049,1057,582,Button.left,Released
2.3991363048553467,1063,583,NoButton,Move
2.406053304672241,1075,588,NoButton,Move
2.4131219387054443,1088,594,NoButton,Move
2.4198014736175537,1101,601,NoButton,Move
2.4266514778137207,1114,606,NoButton,Move
2.4336676597595215,1126,613,NoButton,Move
2.440265655517578,1137,618,NoButton,Move
2.447161912918091,1146,623,NoButton,Move
2.4541890621185303,1151,627,NoButton,Move
2.4609429836273193,1156,629,NoButton,Move
2.467780590057373,1158,631,NoButton,Move
2.474555730819702,1162,633,NoButton,Move
2.481491804122925,1164,634,NoButton,Move
2.4884257316589355,1166,634,NoButton,Move
2.495450973510742,1167,634,NoButton,Move
2.5024335384368896,1170,635,NoButton,Move
2.508943557739258,1172,636,NoButton,Move
2.516179084777832,1174,636,NoButton,Move
2.522843837738037,1176,637,NoButton,Move
2.5295369625091553,1178,637,NoButton,Move
2.536365032196045,1179,637,NoButton,Move
2.543278455734253,1182,637,NoButton,Move
2.550116539001465,1184,637,NoButton,Move
2.5572640895843506,1185,637,NoButton,Move
2.5639126300811768,1187,637,NoButton,Move
2.5706701278686523,1188,637,NoButton,Move
2.5779612064361572,1189,637,NoButton,Move
2.584552526473999,1191,637,NoButton,Move
2.591561794281006,1191,637,NoButton,Move
2.5985615253448486,1193,637,NoButton,Move
2.6045327186584473,1194,637,NoButton,Move
2.6115732192993164,1196,637,NoButton,Move
2.6187803745269775,1198,637,NoButton,Move
2.6256096363067627,1200,637,NoButton,Move
2.6326968669891357,1202,637,NoButton,Move
2.639521598815918,1204,637,NoButton,Move
2.646665096282959,1206,637,NoButton,Move
2.6535818576812744,1207,637,NoButton,Move
2.659719228744507,1208,637,NoButton,Move
2.667160987854004,1208,637,Button.left,Pressed
2.6804819107055664,1208,637,NoButton,Drag
2.7971999645233154,1208,637,Button.left,Released
3.026576042175293,1198,636,NoButton,Move
3.033053159713745,1181,632,NoButton,Move
3.040313482284546,1157,629,NoButton,Move
3.0470974445343018,1133,627,NoButton,Move
3.0541203022003174,1100,623,NoButton,Move
3.061053514480591,1059,624,NoButton,Move
3.067617416381836,1018,626,NoButton,Move
3.07462739944458,989,630,NoButton,Move
3.0816287994384766,946,636,NoButton,Move
3.088141679763794,910,642,NoButton,Move
3.095139741897583,876,652,NoButton,Move
3.1021533012390137,834,668,NoButton,Move
3.1091556549072266,800,680,NoButton,Move
3.115885019302368,774,691,NoButton,Move
3.1227760314941406,752,701,NoButton,Move
3.1298394203186035,738,708,NoButton,Move
3.1364858150482178,726,713,NoButton,Move
3.14323353767395,717,719,NoButton,Move
3.1502866744995117,708,724,NoButton,Move
3.1572043895721436,702,727,NoButton,Move
3.1639559268951416,699,729,NoButton,Move
3.1707253456115723,695,731,NoButton,Move
3.177736520767212,692,734,NoButton,Move
3.1845529079437256,690,736,NoButton,Move
3.191295623779297,687,739,NoButton,Move
3.198270320892334,685,742,NoButton,Move
3.205202579498291,682,744,NoButton,Move
3.212015151977539,679,746,NoButton,Move
3.218249559402466,676,749,NoButton,Move
3.2256574630737305,675,751,NoButton,Move
3.232532024383545,673,752,NoButton,Move
3.2392802238464355,672,754,NoButton,Move
3.246232509613037,671,754,NoButton,Move
3.2533042430877686,671,754,NoButton,Move
3.259929895401001,671,755,NoButton,Move
3.2805423736572266,670,756,NoButton,Move
3.2873716354370117,669,756,NoButton,Move
3.301223039627075,668,757,NoButton,Move
3.3080759048461914,667,759,NoButton,Move
3.314885377883911,667,759,NoButton,Move
3.3216822147369385,665,759,NoButton,Move
3.328568696975708,664,761,NoButton,Move
3.3349719047546387,664,762,NoButton,Move
3.342355489730835,663,762,NoButton,Move
3.3490283489227295,663,763,NoButton,Move
3.3561415672302246,662,763,NoButton,Move
3.369839668273926,662,764,NoButton,Move
3.390239953994751,662,765,NoButton,Move
3.3972041606903076,662,767,NoButton,Move
3.404103994369507,661,769,NoButton,Move
3.410996913909912,660,771,NoButton,Move
3.4178876876831055,660,775,NoButton,Move
3.4249281883239746,658,781,NoButton,Move
3.431511163711548,655,788,NoButton,Move
3.438581943511963,654,796,NoButton,Move
3.445247173309326,650,804,NoButton,Move
3.4525604248046875,648,809,NoButton,Move
3.459587335586548,646,813,NoButton,Move
3.4665887355804443,645,817,NoButton,Move
3.472590208053589,643,820,NoButton,Move
3.4795918464660645,641,822,NoButton,Move
3.48659348487854,641,823,NoButton,Move
3.493225574493408,640,823,NoButton,Move
3.5004374980926514,639,824,NoButton,Move
3.507565975189209,639,824,NoButton,Move
3.5139684677124023,639,825,NoButton,Move
3.5211174488067627,638,825,NoButton,Move
3.528010845184326,637,825,NoButton,Move
3.5412497520446777,637,825,Button.left,Pressed
3.6786718368530273,637,825,Button.left,Released
3.9021353721618652,643,829,NoButton,Move
3.9092040061950684,654,838,NoButton,Move
3.915914297103882,665,849,NoButton,Move
3.9222307205200195,673,861,NoButton,Move
3.9296557903289795,681,872,NoButton,Move
3.936520576477051,688,886,NoButton,Move
3.9436092376708984,694,900,NoButton,Move
3.950244903564453,699,912,NoButton,Move
3.957202911376953,704,927,NoButton,Move
3.9641404151916504,705,937,NoButton,Move
3.9708948135375977,707,948,NoButton,Move
3.9777679443359375,709,959,NoButton,Move
3.985654592514038,710,970,NoButton,Move
3.9915058612823486,711,980,NoButton,Move
3.9982266426086426,711,988,NoButton,Move
4.0052103996276855,711,997,NoButton,Move
4.01210355758667,712,1004,NoButton,Move
4.019043207168579,712,1009,NoButton,Move
4.025731801986694,714,1014,NoButton,Move
4.032696008682251,714,1017,NoButton,Move
4.039560556411743,714,1021,NoButton,Move
4.04607892036438,714,1024,NoButton,Move
4.053203344345093,715,1026,NoButton,Move
4.0600974559783936,716,1029,NoButton,Move
4.067086219787598,717,1032,NoButton,Move
4.073822498321533,718,1034,NoButton,Move
4.0808281898498535,720,1037,NoButton,Move
4.087835073471069,722,1041,NoButton,Move
4.094324111938477,725,1044,NoButton,Move
4.101504802703857,728,1047,NoButton,Move
4.1085076332092285,732,1050,NoButton,Move
4.115253925323486,736,1052,NoButton,Move
4.121570110321045,742,1053,NoButton,Move
4.128599405288696,744,1054,NoButton,Move
4.135602951049805,746,1055,NoButton,Move
4.142609596252441,749,1055,NoButton,Move
4.149205684661865,750,1055,NoButton,Move
4.156649351119995,751,1056,NoButton,Move
4.162708282470703,752,1056,NoButton,Move
4.169723749160767,752,1056,NoButton,Move
4.176748514175415,753,1056,NoButton,Move
4.18376350402832,753,1056,NoButton,Move
4.190491676330566,754,1055,NoButton,Move
4.204314231872559,755,1054,NoButton,Move
4.211218595504761,756,1051,NoButton,Move
4.218067169189453,756,1048,NoButton,Move
4.224916696548462,756,1045,NoButton,Move
4.231936454772949,757,1041,NoButton,Move
4.238760709762573,758,1035,NoButton,Move
4.245460271835327,758,1033,NoButton,Move
4.252288579940796,759,1029,NoButton,Move
4.259205102920532,759,1027,NoButton,Move
4.266104221343994,759,1026,NoButton,Move
4.2729270458221436,759,1025,NoButton,Move
4.279938459396362,759,1024,NoButton,Move
4.286770343780518,759,1024,NoButton,Move
4.300410032272339,759,1023,NoButton,Move
4.328230857849121,759,1022,NoButton,Move
4.34102201461792,759,1020,NoButton,Move
4.348426818847656,759,1018,NoButton,Move
4.355376482009888,759,1017,NoButton,Move
4.362171649932861,759,1015,NoButton,Move
4.369136571884155,759,1013,NoButton,Move
4.3759870529174805,759,1012,NoButton,Move
4.382883787155151,759,1010,NoButton,Move
4.390049934387207,759,1009,NoButton,Move
4.39661431312561,759,1008,NoButton,Move
4.403091192245483,758,1007,NoButton,Move
4.4104859828948975,758,1006,NoButton,Move
4.4171624183654785,758,1006,NoButton,Move
4.423977851867676,758,1005,NoButton,Move
4.430844068527222,758,1004,NoButton,Move
4.437605619430542,758,1003,NoButton,Move
4.444589376449585,758,1001,NoButton,Move
4.451249361038208,758,1000,NoButton,Move
4.458485841751099,758,999,NoButton,Move
4.4647040367126465,758,996,NoButton,Move
4.4723029136657715,758,995,NoButton,Move
4.478757619857788,758,993,NoButton,Move
4.485746622085571,758,992,NoButton,Move
4.493727922439575,758,992,Button.left,Pressed
4.499451398849487,758,992,NoButton,Drag
4.50644063949585,758,991,NoButton,Drag
4.526952505111694,758,990,NoButton,Drag
4.554428339004517,758,990,NoButton,Drag
4.609222888946533,758,990,Button.left,Released
4.836148738861084,762,976,NoButton,Move
4.843618631362915,771,949,NoButton,Move
4.8505167961120605,784,923,NoButton,Move
4.857352256774902,812,873,NoButton,Move
4.8642542362213135,840,829,NoButton,Move
4.871222496032715,873,785,NoButton,Move
4.8782265186309814,910,742,NoButton,Move
4.885082960128784,958,690,NoButton,Move
4.89204478263855,997,650,NoButton,Move
4.898730278015137,1029,623,NoButton,Move
4.9055726528167725,1060,600,NoButton,Move
4.9124650955200195,1081,584,NoButton,Move
4.919248819351196,1097,575,NoButton,Move
4.926193475723267,1110,568,NoButton,Move
4.933151006698608,1117,565,NoButton,Move
4.939944744110107,1121,563,NoButton,Move
4.946751832962036,1125,561,NoButton,Move
4.953608989715576,1127,560,NoButton,Move
4.960484504699707,1128,560,NoButton,Move
4.967297315597534,1129,559,NoButton,Move
4.974226474761963,1129,559,NoButton,Move
5.022224426269531,1129,560,NoButton,Move
5.035980463027954,1129,560,NoButton,Move
5.042612314224243,1129,560,NoButton,Move
5.049699544906616,1128,560,NoButton,Move
5.063591718673706,1127,560,NoButton,Move
5.070382595062256,1126,560,NoButton,Move
5.077425479888916,1124,560,NoButton,Move
5.084427356719971,1124,560,NoButton,Move
5.090430021286011,1123,560,NoButton,Move
5.097817659378052,1122,560,NoButton,Move
5.104783296585083,1122,560,NoButton,Move
5.111526250839233,1121,560,NoButton,Move
5.117879629135132,1120,560,NoButton,Move
5.131926536560059,1119,560,NoButton,Move
5.145740747451782,1119,560,NoButton,Move
5.153225898742676,1118,560,NoButton,Move
5.159071683883667,1116,561,NoButton,Move
5.166390657424927,1116,561,NoButton,Move
5.173252105712891,1114,563,NoButton,Move
5.180128335952759,1111,564,NoButton,Move
5.186996698379517,1108,566,NoButton,Move
5.193883657455444,1106,568,NoButton,Move
5.200832366943359,1100,573,NoButton,Move
5.207678556442261,1094,576,NoButton,Move
5.214547395706177,1087,581,NoButton,Move
5.221249580383301,1081,583,NoButton,Move
5.228081226348877,1075,587,NoButton,Move
5.235395908355713,1071,590,NoButton,Move
5.241998195648193,1067,592,NoButton,Move
5.248804092407227,1064,594,NoButton,Move
5.256028890609741,1061,595,NoButton,Move
5.262567758560181,1060,596,NoButton,Move
5.2692484855651855,1057,596,NoButton,Move
5.2772216796875,1056,597,NoButton,Move
5.283113956451416,1055,597,NoButton,Move
5.290004253387451,1054,597,NoButton,Move
5.296791076660156,1053,597,NoButton,Move
5.303687334060669,1053,597,Button.left,Pressed
5.32456374168396,1053,597,NoButton,Drag
5.365219593048096,1053,597,NoButton,Drag
5.427255868911743,1053,597,Button.left,Released
5.695065021514893,1065,593,NoButton,Move
5.702214956283569,1096,584,NoButton,Move
5.7088470458984375,1137,573,NoButton,Move
5.7158362865448,1186,566,NoButton,Move
5.722970962524414,1242,557,NoButton,Move
5.729900121688843,1298,550,NoButton,Move
5.736011981964111,1353,548,NoButton,Move
5.743069648742676,1404,545,NoButton,Move
5.750143527984619,1438,545,NoButton,Move
5.757112741470337,1463,546,NoButton,Move
5.763700008392334,1481,547,NoButton,Move
5.770867586135864,1493,549,NoButton,Move
5.777718782424927,1502,550,NoButton,Move
5.7843194007873535,1507,550,NoButton,Move
5.791357755661011,1510,551,NoButton,Move
5.798177719116211,1511,551,NoButton,Move
5.804877281188965,1513,552,NoButton,Move
5.811954498291016,1514,552,NoButton,Move
5.839139938354492,1514,552,NoButton,Move
5.860223293304443,1513,553,NoButton,Move
5.866687297821045,1512,553,NoButton,Move
5.873514175415039,1512,553,NoButton,Move
5.880491256713867,1510,553,NoButton,Move
5.887390613555908,1507,553,NoButton,Move
5.894222259521484,1506,553,NoButton,Move
5.901014566421509,1503,553,NoButton,Move
5.9078967571258545,1500,551,NoButton,Move
5.914747714996338,1498,551,NoButton,Move
5.921587944030762,1495,549,NoButton,Move
5.92855429649353,1493,547,NoButton,Move
5.935798168182373,1491,546,NoButton,Move
5.942346572875977,1490,544,NoButton,Move
5.949039459228516,1490,543,NoButton,Move
5.956010103225708,1489,542,NoButton,Move
5.962890863418579,1488,542,NoButton,Move
5.976544380187988,1488,541,NoButton,Move
5.990283966064453,1487,541,NoButton,Move
5.997433185577393,1487,541,NoButton,Move
6.01084566116333,1485,541,NoButton,Move
6.017871618270874,1482,541,NoButton,Move
6.024859428405762,1481,541,NoButton,Move
6.031885862350464,1478,541,NoButton,Move
6.037933111190796,1475,542,NoButton,Move
6.045757055282593,1473,542,NoButton,Move
6.051973581314087,1469,543,NoButton,Move
6.060037851333618,1467,543,NoButton,Move
6.065987825393677,1464,543,NoButton,Move
6.072664260864258,1461,544,NoButton,Move
6.079669237136841,1458,544,NoButton,Move
6.08667254447937,1457,544,NoButton,Move
6.093313694000244,1454,544,NoButton,Move
6.100141525268555,1452,545,NoButton,Move
6.107278108596802,1451,545,NoButton,Move
6.113951206207275,1450,545,NoButton,Move
6.120907306671143,1449,545,NoButton,Move
6.134477615356445,1449,545,NoButton,Move
6.154932737350464,1449,545,Button.left,Pressed
6.279232978820801,1449,545,Button.left,Released
6.462874889373779,1441,545,NoButton,Move
6.469879150390625,1427,545,NoButton,Move
6.476612329483032,1411,546,NoButton,Move
6.483492851257324,1390,549,NoButton,Move
6.490347385406494,1361,553,NoButton,Move
6.497214078903198,1330,560,NoButton,Move
6.504154443740845,1287,571,NoButton,Move
6.510982513427734,1247,580,NoButton,Move
6.517803430557251,1200,591,NoButton,Move
6.524959325790405,1156,604,NoButton,Move
6.531592130661011,1111,617,NoButton,Move
6.538434267044067,1074,630,NoButton,Move
6.545449733734131,1046,639,NoButton,Move
6.5521485805511475,1027,647,NoButton,Move
6.558472156524658,1014,651,NoButton,Move
6.566115617752075,1001,656,NoButton,Move
6.572894334793091,997,660,NoButton,Move
6.579778432846069,993,661,NoButton,Move
6.586751461029053,990,661,NoButton,Move
6.593808174133301,990,661,NoButton,Move
6.60081148147583,988,661,NoButton,Move
6.613846063613892,988,661,NoButton,Move
6.620870351791382,988,662,NoButton,Move
6.662151575088501,988,662,NoButton,Move
6.675826787948608,988,662,NoButton,Move
6.682662010192871,988,662,NoButton,Move
6.689666271209717,989,662,NoButton,Move
6.710086107254028,989,661,NoButton,Move
6.723876953125,989,660,NoButton,Move
6.731094837188721,990,660,NoButton,Move
6.7582106590271,991,660,NoButton,Move
6.778810739517212,991,660,NoButton,Move
6.8268163204193115,992,661,NoButton,Move
6.861293792724609,992,661,Button.left,Pressed
6.971045732498169,992,661,Button.left,Released
7.216259241104126,1000,656,NoButton,Move
7.223118782043457,1018,645,NoButton,Move
7.229998826980591,1042,630,NoButton,Move
7.237223386764526,1074,614,NoButton,Move
7.24347186088562,1107,598,NoButton,Move
7.250499725341797,1159,576,NoButton,Move
7.257580518722534,1206,563,NoButton,Move
7.264382362365723,1253,552,NoButton,Move
7.271105527877808,1299,547,NoButton,Move
7.278033971786499,1350,547,NoButton,Move
7.285024404525757,1394,547,NoButton,Move
7.2917304039001465,1433,553,NoButton,Move
7.298616170883179,1450,557,NoButton,Move
7.305394172668457,1467,561,NoButton,Move
7.3123791217803955,1479,565,NoButton,Move
7.319225788116455,1489,568,NoButton,Move
7.326126575469971,1496,570,NoButton,Move
7.33318018913269,1501,572,NoButton,Move
7.340094804763794,1503,573,NoButton,Move
7.346740007400513,1505,573,NoButton,Move
7.353862285614014,1506,574,NoButton,Move
7.360360145568848,1506,574,NoButton,Move
7.374241590499878,1507,574,NoButton,Move
7.387893915176392,1507,573,NoButton,Move
7.4016101360321045,1507,572,NoButton,Move
7.4084882736206055,1507,569,NoButton,Move
7.415462493896484,1505,567,NoButton,Move
7.422327756881714,1505,566,NoButton,Move
7.429191827774048,1504,563,NoButton,Move
7.435573577880859,1503,561,NoButton,Move
7.442409515380859,1502,559,NoButton,Move
7.449588775634766,1501,558,NoButton,Move
7.45636248588562,1500,555,NoButton,Move
7.462944030761719,1500,553,NoButton,Move
7.470290422439575,1499,551,NoButton,Move
7.47734808921814,1499,548,NoButton,Move
7.484035491943359,1499,546,NoButton,Move
7.490789890289307,1499,545,NoButton,Move
7.4977357387542725,1499,543,NoButton,Move
7.504599094390869,1499,542,NoButton,Move
7.511414051055908,1499,541,NoButton,Move
7.518353700637817,1499,540,NoButton,Move
7.525202751159668,1499,539,NoButton,Move
7.532051086425781,1499,538,NoButton,Move
7.5392351150512695,1498,536,NoButton,Move
7.545776128768921,1497,536,NoButton,Move
7.55275559425354,1496,534,NoButton,Move
7.5597569942474365,1496,533,NoButton,Move
7.5662620067596436,1495,533,NoButton,Move
7.573204278945923,1494,532,NoButton,Move
7.586958169937134,1494,531,NoButton,Move
7.593762636184692,1494,530,NoButton,Move
7.62814474105835,1494,530,Button.left,Pressed
7.765301465988159,1494,530,Button.left,Released
7.954593658447266,1486,530,NoButton,Move
7.961592674255371,1474,529,NoButton,Move
7.968594312667847,1457,529,NoButton,Move
7.975225210189819,1437,529,NoButton,Move
7.982088327407837,1416,530,NoButton,Move
7.989145994186401,1391,531,NoButton,Move
7.9958336353302,1352,535,NoButton,Move
8.002776622772217,1315,544,NoButton,Move
8.009593486785889,1282,551,NoButton,Move
8.016658544540405,1245,560,NoButton,Move
8.0234055519104,1211,570,NoButton,Move
8.030250072479248,1180,581,NoButton,Move
8.036574840545654,1148,593,NoButton,Move
8.043865442276001,1123,604,NoButton,Move
8.05064582824707,1104,612,NoButton,Move
8.057650566101074,1089,617,NoButton,Move
8.064533233642578,1078,623,NoButton,Move
8.071539163589478,1068,627,NoButton,Move
8.078179121017456,1061,628,NoButton,Move
8.084578275680542,1056,628,NoButton,Move
8.091878652572632,1053,628,NoButton,Move
8.098753452301025,1050,626,NoButton,Move
8.105782985687256,1047,622,NoButton,Move
8.112544059753418,1045,616,NoButton,Move
8.119549751281738,1042,609,NoButton,Move
8.126553058624268,1040,600,NoButton,Move
8.133361339569092,1039,590,NoButton,Move
8.140361785888672,1037,580,NoButton,Move
8.147366046905518,1037,570,NoButton,Move
8.153384685516357,1037,560,NoButton,Move
8.16036605834961,1038,550,NoButton,Move
8.16736888885498,1040,539,NoButton,Move
8.174370765686035,1041,531,NoButton,Move
8.181371450424194,1044,523,NoButton,Move
8.18837308883667,1045,520,NoButton,Move
8.195374965667725,1046,516,NoButton,Move
8.202377557754517,1046,513,NoButton,Move
8.208131313323975,1046,512,NoButton,Move
8.215161323547363,1046,511,NoButton,Move
8.243223905563354,1045,511,NoButton,Move
8.249776601791382,1042,511,NoButton,Move
8.256639957427979,1041,512,NoButton,Move
8.26382064819336,1037,513,NoButton,Move
8.270498275756836,1030,514,NoButton,Move
8.27721381187439,1021,515,NoButton,Move
8.28454041481018,1009,519,NoButton,Move
8.2910315990448,994,522,NoButton,Move
8.297910213470459,979,524,NoButton,Move
8.30457615852356,962,527,NoButton,Move
8.311583042144775,943,532,NoButton,Move
8.318530559539795,926,534,NoButton,Move
8.325250625610352,909,536,NoButton,Move
8.33220100402832,893,539,NoButton,Move
8.339098930358887,876,541,NoButton,Move
8.345973491668701,861,543,NoButton,Move
8.35288667678833,846,543,NoButton,Move
8.358997106552124,834,543,NoButton,Move
8.366466760635376,823,543,NoButton,Move
8.373250722885132,813,543,NoButton,Move
8.380137205123901,807,540,NoButton,Move
8.387133836746216,801,537,NoButton,Move
8.3939528465271,797,533,NoButton,Move
8.400891780853271,793,529,NoButton,Move
8.407730340957642,792,524,NoButton,Move
8.414839744567871,790,520,NoButton,Move
8.42124056816101,790,514,NoButton,Move
8.428487777709961,789,511,NoButton,Move
8.435287714004517,789,507,NoButton,Move
8.442095041275024,789,504,NoButton,Move
8.448987245559692,789,502,NoButton,Move
8.455963850021362,789,500,NoButton,Move
8.462852001190186,789,498,NoButton,Move
8.46957778930664,791,496,NoButton,Move
8.476258993148804,792,496,NoButton,Move
8.69594407081604,792,496,Button.left,Pressed
8.83720350265503,792,497,NoButton,Drag
8.84420895576477,790,501,NoButton,Drag
8.854212522506714,785,507,NoButton,Drag
8.857214212417603,780,516,NoButton,Drag
8.864599466323853,773,530,NoButton,Drag
8.871604681015015,764,546,NoButton,Drag
8.878402948379517,755,565,NoButton,Drag
8.885624170303345,740,588,NoButton,Drag
8.892113447189331,726,621,NoButton,Drag
8.898961544036865,710,653,NoButton,Drag
8.905849695205688,698,676,NoButton,Drag
8.912972211837769,685,702,NoButton,Drag
8.919715166091919,670,728,NoButton,Drag
8.926618337631226,660,748,NoButton,Drag
8.93324089050293,653,761,NoButton,Drag
8.940178155899048,646,774,NoButton,Drag
8.947302103042603,639,788,NoButton,Drag
8.953936338424683,633,798,NoButton,Drag
8.96063780784607,629,806,NoButton,Drag
8.967662572860718,627,811,NoButton,Drag
8.974677801132202,623,816,NoButton,Drag
8.981204986572266,621,819,NoButton,Drag
8.98866057395935,620,821,NoButton,Drag
8.994749307632446,619,824,NoButton,Drag
9.001766443252563,616,827,NoButton,Drag
9.009132146835327,614,830,NoButton,Drag
9.015754699707031,612,832,NoButton,Drag
9.022695541381836,610,834,NoButton,Drag
9.029701948165894,607,837,NoButton,Drag
9.03633189201355,607,839,NoButton,Drag
9.043336629867554,605,841,NoButton,Drag
9.050101041793823,604,841,NoButton,Drag
9.057117938995361,604,842,NoButton,Drag
9.063982725143433,603,842,NoButton,Drag
9.070765972137451,603,842,NoButton,Drag
9.084826231002808,602,842,NoButton,Drag
9.098175525665283,601,842,NoButton,Drag
9.125678539276123,600,842,NoButton,Drag
9.180712938308716,600,842,NoButton,Drag
9.194242477416992,600,842,Button.left,Released
9.39809775352478,604,827,NoButton,Move
9.405253171920776,614,793,NoButton,Move
9.41190218925476,629,751,NoButton,Move
9.41873836517334,647,712,NoButton,Move
9.425884246826172,664,670,NoButton,Move
9.432463645935059,682,631,NoButton,Move
9.43935513496399,705,582,NoButton,Move
9.446251630783081,725,540,NoButton,Move
9.45326566696167,747,500,NoButton,Move
9.45993947982788,766,467,NoButton,Move
9.466760873794556,781,440,NoButton,Move
9.473670244216919,793,420,NoButton,Move
9.48067593574524,801,408,NoButton,Move
9.487387657165527,806,399,NoButton,Move
9.49439787864685,810,393,NoButton,Move
9.501432657241821,811,389,NoButton,Move
9.508442401885986,812,386,NoButton,Move
9.514467477798462,813,386,NoButton,Move
9.521474123001099,813,385,NoButton,Move
9.52851939201355,813,384,NoButton,Move
9.583634853363037,813,384,NoButton,Move
9.597373247146606,813,383,NoButton,Move
9.604173183441162,813,381,NoButton,Move
9.611182689666748,813,381,NoButton,Move
9.618225574493408,813,380,NoButton,Move
9.624810695648193,813,379,NoButton,Move
9.631769180297852,813,378,NoButton,Move
9.638254165649414,813,376,NoButton,Move
9.645235538482666,813,374,NoButton,Move
9.652248620986938,813,372,NoButton,Move
9.659149408340454,813,369,NoButton,Move
9.665977954864502,813,365,NoButton,Move
9.672863721847534,816,361,NoButton,Move
9.679648876190186,818,355,NoButton,Move
9.686238288879395,820,348,NoButton,Move
9.693444728851318,824,339,NoButton,Move
9.700254440307617,826,332,NoButton,Move
9.707186937332153,829,326,NoButton,Move
9.713759899139404,830,323,NoButton,Move
9.720987558364868,831,320,NoButton,Move
9.72782301902771,832,317,NoButton,Move
9.734756231307983,832,316,NoButton,Move
9.775829792022705,832,316,NoButton,Move
9.782696962356567,831,317,NoButton,Move
9.78972053527832,830,317,NoButton,Move
9.79670524597168,829,319,NoButton,Move
9.803436040878296,827,321,NoButton,Move
9.80974006652832,824,323,NoButton,Move
9.817276239395142,821,325,NoButton,Move
9.823500394821167,817,328,NoButton,Move
9.830523252487183,813,331,NoButton,Move
9.837522029876709,807,336,NoButton,Move
9.844413042068481,803,339,NoButton,Move
9.851420879364014,797,343,NoButton,Move
9.858397483825684,792,346,NoButton,Move
9.865122556686401,790,348,NoButton,Move
9.871911764144897,788,348,NoButton,Move
9.87881875038147,786,349,NoButton,Move
9.886120557785034,784,351,NoButton,Move
9.892483711242676,784,351,NoButton,Move
9.899372577667236,784,352,NoButton,Move
9.906248807907104,783,352,NoButton,Move
9.913174629211426,783,353,NoButton,Move
9.920245885848999,782,353,NoButton,Move
9.940521955490112,782,353,Button.left,Pressed
9.9815514087677,782,353,NoButton,Drag
10.016108512878418,782,353,NoButton,Drag
10.029896020889282,782,353,NoButton,Drag
10.03662633895874,782,355,NoButton,Drag
10.04373836517334,781,359,NoButton,Drag
10.050575017929077,780,364,NoButton,Drag
10.057464122772217,778,371,NoButton,Drag
10.064351797103882,777,381,NoButton,Drag
10.070967435836792,772,397,NoButton,Drag
10.077997922897339,770,412,NoButton,Drag
10.08457326889038,763,439,NoButton,Drag
10.09138798713684,755,475,NoButton,Drag
10.098411321640015,744,516,NoButton,Drag
10.105437994003296,733,563,NoButton,Drag
10.112374305725098,724,606,NoButton,Drag
10.119246482849121,713,650,NoButton,Drag
10.126251935958862,705,693,NoButton,Drag
10.133251905441284,697,730,NoButton,Drag
10.139524459838867,691,759,NoButton,Drag
10.146506547927856,688,778,NoButton,Drag
10.153320074081421,685,804,NoButton,Drag
10.160320520401001,682,819,NoButton,Drag
10.167156219482422,681,831,NoButton,Drag
10.174162864685059,678,840,NoButton,Drag
10.181026697158813,678,848,NoButton,Drag
10.187611818313599,676,857,NoButton,Drag
10.194618701934814,674,862,NoButton,Drag
10.20144009590149,673,869,NoButton,Drag
10.208304166793823,673,874,NoButton,Drag
10.215361833572388,672,878,NoButton,Drag
10.222058296203613,671,884,NoButton,Drag
10.229093551635742,670,889,NoButton,Drag
10.23595929145813,668,893,NoButton,Drag
10.24255919456482,668,896,NoButton,Drag
10.2496497631073,667,898,NoButton,Drag
10.256433486938477,666,899,NoButton,Drag
10.26311993598938,666,900,NoButton,Drag
10.270057439804077,666,901,NoButton,Drag
10.277151107788086,666,902,NoButton,Drag
10.29060959815979,666,902,NoButton,Drag
10.379817008972168,666,902,NoButton,Drag
10.393619537353516,668,902,NoButton,Drag
10.400413751602173,673,900,NoButton,Drag
10.40743350982666,676,897,NoButton,Drag
10.414458751678467,682,894,NoButton,Drag
10.421485900878906,689,891,NoButton,Drag
10.428498029708862,696,886,NoButton,Drag
10.435526847839355,704,881,NoButton,Drag
10.441545009613037,711,877,NoButton,Drag
10.448538541793823,717,874,NoButton,Drag
10.45543909072876,723,870,NoButton,Drag
10.462321519851685,726,868,NoButton,Drag
10.469369888305664,729,867,NoButton,Drag
10.476059436798096,730,866,NoButton,Drag
10.48240852355957,732,866,NoButton,Drag
10.496747016906738,733,866,NoButton,Drag
10.503751277923584,733,866,NoButton,Drag
10.516852617263794,734,865,NoButton,Drag
10.52407193183899,735,865,NoButton,Drag
10.53118348121643,736,864,NoButton,Drag
10.533164024353027,736,864,Button.left,Released
10.54473066329956,737,863,NoButton,Move
10.81267261505127,750,850,NoButton,Move
10.81943964958191,775,829,NoButton,Move
10.825875043869019,808,799,NoButton,Move
10.833046913146973,853,763,NoButton,Move
10.839919567108154,901,727,NoButton,Move
10.846911430358887,965,681,NoButton,Move
10.853752374649048,1036,634,NoButton,Move
10.860565423965454,1097,596,NoButton,Move
10.867379665374756,1157,561,NoButton,Move
10.874338150024414,1213,531,NoButton,Move
10.881168127059937,1279,504,NoButton,Move
10.888351202011108,1337,479,NoButton,Move
10.894895076751709,1392,460,NoButton,Move
10.901718378067017,1430,447,NoButton,Move
10.908550024032593,1474,434,NoButton,Move
10.915292978286743,1499,425,NoButton,Move
10.922266006469727,1514,421,NoButton,Move
10.92962121963501,1523,419,NoButton,Move
10.93600583076477,1528,418,NoButton,Move
10.942924499511719,1532,417,NoButton,Move
10.950209379196167,1534,416,NoButton,Move
10.9567711353302,1535,416,NoButton,Move
10.963611841201782,1535,416,NoButton,Move
10.997203588485718,1535,415,NoButton,Move
11.004424095153809,1533,415,NoButton,Move
11.011566400527954,1532,414,NoButton,Move
11.018469095230103,1530,413,NoButton,Move
11.025489568710327,1528,413,NoButton,Move
11.032357692718506,1525,411,NoButton,Move
11.038513898849487,1523,410,NoButton,Move
11.046207189559937,1517,408,NoButton,Move
11.0525803565979,1513,404,NoButton,Move
11.059547424316406,1509,402,NoButton,Move
11.066437482833862,1506,401,NoButton,Move
11.073273181915283,1503,399,NoButton,Move
11.080277919769287,1500,397,NoButton,Move
11.087003946304321,1499,395,NoButton,Move
11.094052076339722,1496,392,NoButton,Move
11.100998640060425,1495,389,NoButton,Move
11.107874155044556,1493,385,NoButton,Move
11.114461421966553,1491,378,NoButton,Move
11.121359825134277,1488,373,NoButton,Move
11.128039360046387,1486,368,NoButton,Move
11.135046243667603,1484,363,NoButton,Move
11.141987562179565,1482,360,NoButton,Move
11.148970603942871,1480,356,NoButton,Move
11.15583324432373,1478,354,NoButton,Move
11.162631750106812,1477,352,NoButton,Move
11.16899561882019,1474,352,NoButton,Move
11.176375150680542,1472,352,NoButton,Move
11.183112621307373,1470,351,NoButton,Move
11.190178155899048,1469,351,NoButton,Move
11.197134733200073,1467,351,NoButton,Move
11.203823328018188,1464,351,NoButton,Move
11.210700750350952,1464,351,NoButton,Move
11.217118978500366,1462,352,NoButton,Move
11.22465443611145,1461,352,NoButton,Move
11.231352806091309,1459,352,NoButton,Move
11.238030195236206,1457,352,NoButton,Move
11.245002269744873,1457,352,NoButton,Move
11.251843929290771,1455,352,NoButton,Move
11.258806705474854,1454,352,NoButton,Move
11.265641212463379,1454,352,NoButton,Move
11.279294729232788,1453,352,NoButton,Move
11.293252944946289,1452,352,NoButton,Move
11.300018310546875,1452,352,Button.left,Pressed
11.348348379135132,1452,352,NoButton,Drag
11.368598461151123,1452,352,NoButton,Drag
11.539132833480835,1451,352,NoButton,Drag
11.54613733291626,1447,353,NoButton,Drag
11.558140516281128,1441,355,NoButton,Drag
11.560142278671265,1432,357,NoButton,Drag
11.566627502441406,1423,361,NoButton,Drag
11.574212551116943,1409,368,NoButton,Drag
11.580340147018433,1396,375,NoButton,Drag
11.58737826347351,1375,384,NoButton,Drag
11.594360113143921,1342,403,NoButton,Drag
11.6013925075531,1309,422,NoButton,Drag
11.607422590255737,1266,447,NoButton,Drag
11.614439487457275,1221,477,NoButton,Drag
11.621224641799927,1171,508,NoButton,Drag
11.628464698791504,1124,539,NoButton,Drag
11.635309934616089,1070,573,NoButton,Drag
11.642315864562988,1026,603,NoButton,Drag
11.649317502975464,975,637,NoButton,Drag
11.65531873703003,927,671,NoButton,Drag
11.662797689437866,894,692,NoButton,Drag
11.669224262237549,870,708,NoButton,Drag
11.676795959472656,846,723,NoButton,Drag
11.683459043502808,820,736,NoButton,Drag
11.690287351608276,801,745,NoButton,Drag
11.697192192077637,789,751,NoButton,Drag
11.704005241394043,777,755,NoButton,Drag
11.71113395690918,765,757,NoButton,Drag
11.718056201934814,754,761,NoButton,Drag
11.724519491195679,744,763,NoButton,Drag
11.731361627578735,734,765,NoButton,Drag
11.738216400146484,725,768,NoButton,Drag
11.74516224861145,716,769,NoButton,Drag
11.752177715301514,704,772,NoButton,Drag
11.758833408355713,696,774,NoButton,Drag
11.765859127044678,689,775,NoButton,Drag
11.772861003875732,680,775,NoButton,Drag
11.779334306716919,673,776,NoButton,Drag
11.786368370056152,668,778,NoButton,Drag
11.793206214904785,661,778,NoButton,Drag
11.80009150505066,657,778,NoButton,Drag
11.806941270828247,654,778,NoButton,Drag
11.81394648551941,648,778,NoButton,Drag
11.820700645446777,646,778,NoButton,Drag
11.826961755752563,641,778,NoButton,Drag
11.83439588546753,637,778,NoButton,Drag
11.841400146484375,633,778,NoButton,Drag
11.848414182662964,629,778,NoButton,Drag
11.855236768722534,626,778,NoButton,Drag
11.86184287071228,621,781,NoButton,Drag
11.86928677558899,617,783,NoButton,Drag
11.876286029815674,613,785,NoButton,Drag
11.882341384887695,607,788,NoButton,Drag
11.889366388320923,603,791,NoButton,Drag
11.896377801895142,597,795,NoButton,Drag
11.903434991836548,590,800,NoButton,Drag
11.909458875656128,582,806,NoButton,Drag
11.916442155838013,574,811,NoButton,Drag
11.92345929145813,568,816,NoButton,Drag
11.930469751358032,561,823,NoButton,Drag
11.93762731552124,555,829,NoButton,Drag
11.944313526153564,549,835,NoButton,Drag
11.95113468170166,543,840,NoButton,Drag
11.958092451095581,535,846,NoButton,Drag
11.965083599090576,532,849,NoButton,Drag
11.971792221069336,526,854,NoButton,Drag
11.978607416152954,524,856,NoButton,Drag
11.985594034194946,521,858,NoButton,Drag
11.99233365058899,518,860,NoButton,Drag
11.999399900436401,516,861,NoButton,Drag
12.006140232086182,514,862,NoButton,Drag
12.013012647628784,511,862,NoButton,Drag
12.019898653030396,510,862,NoButton,Drag
12.026667594909668,508,862,NoButton,Drag
12.033572912216187,507,862,NoButton,Drag
12.040513753890991,505,862,NoButton,Drag
12.047058582305908,504,862,NoButton,Drag
12.054226636886597,503,862,NoButton,Drag
12.06105923652649,502,862,NoButton,Drag
12.067931890487671,501,862,NoButton,Drag
12.081972599029541,501,862,NoButton,Drag
12.095025539398193,501,862,NoButton,Drag
12.164007663726807,501,862,Button.left,Released
12.364927530288696,496,851,NoButton,Move
12.371772289276123,490,829,NoButton,Move
12.378681659698486,480,798,NoButton,Move
12.385576963424683,472,758,NoButton,Move
12.392581224441528,461,714,NoButton,Move
12.399319171905518,455,681,NoButton,Move
12.406222343444824,451,646,NoButton,Move
12.413292407989502,447,607,NoButton,Move
12.42006802558899,445,572,NoButton,Move
12.426886558532715,445,538,NoButton,Move
12.4340980052948,446,513,NoButton,Move
12.441097021102905,449,491,NoButton,Move
12.447427749633789,451,474,NoButton,Move
12.454245328903198,452,461,NoButton,Move
12.461226224899292,455,451,NoButton,Move
12.468039512634277,456,439,NoButton,Move
12.474873542785645,457,429,NoButton,Move
12.481759309768677,460,421,NoButton,Move
12.488656282424927,460,416,NoButton,Move
12.495489597320557,461,411,NoButton,Move
12.50252890586853,462,408,NoButton,Move
12.509531736373901,462,404,NoButton,Move
12.515645265579224,462,403,NoButton,Move
12.523083448410034,462,401,NoButton,Move
12.529825448989868,462,399,NoButton,Move
12.536712646484375,462,398,NoButton,Move
12.543612957000732,462,397,NoButton,Move
12.550374031066895,462,395,NoButton,Move
12.564146280288696,462,395,NoButton,Move
12.570939779281616,462,394,NoButton,Move
12.577642440795898,462,393,NoButton,Move
12.591660499572754,461,393,NoButton,Move
12.598666429519653,461,393,NoButton,Move
12.605541944503784,460,392,NoButton,Move
12.618865013122559,460,391,NoButton,Move
12.626813650131226,460,390,NoButton,Move
12.639824628829956,460,388,NoButton,Move
12.646592855453491,460,387,NoButton,Move
12.653524160385132,460,387,NoButton,Move
12.660565614700317,460,386,NoButton,Move
12.667234182357788,459,385,NoButton,Move
12.680822849273682,459,384,NoButton,Move
12.708310604095459,458,384,NoButton,Move
12.715224981307983,458,384,NoButton,Move
12.728951454162598,457,384,NoButton,Move
12.735813617706299,456,384,NoButton,Move
12.742650270462036,455,383,NoButton,Move
12.750182628631592,454,381,NoButton,Move
12.756298303604126,454,381,NoButton,Move
12.763160705566406,453,380,NoButton,Move
12.770231008529663,451,378,NoButton,Move
12.777279138565063,451,377,NoButton,Move
12.783875942230225,449,375,NoButton,Move
12.790652751922607,448,373,NoButton,Move
12.797400712966919,447,372,NoButton,Move
12.804363489151001,446,370,NoButton,Move
12.811336994171143,445,368,NoButton,Move
12.818206548690796,445,368,Button.left,Pressed
12.825160503387451,445,367,NoButton,Drag
12.831942796707153,445,367,NoButton,Drag
12.845661401748657,445,366,NoButton,Drag
12.921209335327148,445,366,NoButton,Drag
12.941779375076294,445,366,NoButton,Drag
12.948601484298706,446,367,NoButton,Drag
12.955621480941772,447,368,NoButton,Drag
12.962422370910645,448,370,NoButton,Drag
12.969319105148315,453,375,NoButton,Drag
12.976193904876709,458,382,NoButton,Drag
12.983000993728638,464,391,NoButton,Drag
12.98988962173462,472,404,NoButton,Drag
12.996580600738525,484,416,NoButton,Drag
13.003576040267944,498,438,NoButton,Drag
13.010611057281494,521,466,NoButton,Drag
13.01737380027771,540,494,NoButton,Drag
13.024167537689209,557,518,NoButton,Drag
13.030400514602661,573,539,NoButton,Drag
13.03789496421814,588,565,NoButton,Drag
13.044708967208862,602,589,NoButton,Drag
13.052040576934814,617,615,NoButton,Drag
13.058490753173828,628,637,NoButton,Drag
13.065366506576538,637,657,NoButton,Drag
13.072228908538818,646,678,NoButton,Drag
13.079073190689087,651,696,NoButton,Drag
13.08620810508728,656,713,NoButton,Drag
13.093199253082275,661,726,NoButton,Drag
13.099695444107056,664,742,NoButton,Drag
13.106706380844116,668,757,NoButton,Drag
13.113454818725586,669,770,NoButton,Drag
13.11982274055481,672,781,NoButton,Drag
13.127810955047607,672,791,NoButton,Drag
13.133811235427856,673,799,NoButton,Drag
13.140826940536499,674,806,NoButton,Drag
13.147789001464844,674,811,NoButton,Drag
13.154732942581177,674,815,NoButton,Drag
13.161640167236328,674,819,NoButton,Drag
13.168600797653198,674,823,NoButton,Drag
13.174947261810303,674,825,NoButton,Drag
13.181637287139893,674,828,NoButton,Drag
13.188663005828857,673,831,NoButton,Drag
13.195710182189941,673,834,NoButton,Drag
13.203693628311157,673,837,NoButton,Drag
13.209739923477173,673,842,NoButton,Drag
13.216356992721558,673,846,NoButton,Drag
13.222752809524536,673,851,NoButton,Drag
13.229802131652832,674,857,NoButton,Drag
13.237203359603882,675,862,NoButton,Drag
13.243829727172852,677,868,NoButton,Drag
13.2507963180542,681,873,NoButton,Drag
13.257689237594604,684,881,NoButton,Drag
13.264693975448608,688,887,NoButton,Drag
13.27140760421753,691,894,NoButton,Drag
13.278224229812622,695,901,NoButton,Drag
13.285205602645874,699,907,NoButton,Drag
13.291956663131714,701,911,NoButton,Drag
13.298962354660034,702,914,NoButton,Drag
13.305615901947021,702,916,NoButton,Drag
13.312642097473145,703,918,NoButton,Drag
13.31961989402771,703,918,NoButton,Drag
13.325814008712769,704,918,NoButton,Drag
13.333204984664917,704,919,NoButton,Drag
13.34000849723816,705,920,NoButton,Drag
13.525247573852539,705,920,Button.left,Released
13.715625047683716,701,916,NoButton,Move
13.722466230392456,694,907,NoButton,Move
13.729492664337158,686,894,NoButton,Move
13.736493825912476,676,880,NoButton,Move
13.743384838104248,661,854,NoButton,Move
13.750526428222656,641,827,NoButton,Move
13.756415128707886,624,800,NoButton,Move
13.763573169708252,605,769,NoButton,Move
13.77057433128357,588,742,NoButton,Move
13.77745509147644,571,715,NoButton,Move
13.784302234649658,558,689,NoButton,Move
13.791459321975708,545,667,NoButton,Move
13.798232793807983,536,647,NoButton,Move
13.805199146270752,527,633,NoButton,Move
13.811983823776245,518,613,NoButton,Move
13.819109916687012,511,597,NoButton,Move
13.825608968734741,506,587,NoButton,Move
13.83252239227295,502,576,NoButton,Move
13.839558839797974,498,567,NoButton,Move
13.846211194992065,494,557,NoButton,Move
13.852597713470459,490,550,NoButton,Move
13.859997034072876,488,542,NoButton,Move
13.866843461990356,486,537,NoButton,Move
13.873844385147095,483,531,NoButton,Move
13.880613088607788,481,525,NoButton,Move
13.887617349624634,479,521,NoButton,Move
13.894309997558594,478,517,NoButton,Move
13.901045560836792,477,515,NoButton,Move
13.907979011535645,475,512,NoButton,Move
13.914907217025757,474,510,NoButton,Move
13.921754598617554,473,507,NoButton,Move
13.928682804107666,472,506,NoButton,Move
13.935708045959473,471,504,NoButton,Move
13.942308902740479,470,503,NoButton,Move
13.949192523956299,469,503,NoButton,Move
13.955978393554688,468,503,NoButton,Move
13.963128566741943,468,502,NoButton,Move
13.97026538848877,467,501,NoButton,Move
13.976728677749634,467,501,NoButton,Move
13.983548402786255,466,500,NoButton,Move
13.99039602279663,466,500,NoButton,Move
13.997303485870361,464,499,NoButton,Move
14.004130125045776,464,498,NoButton,Move
14.011140823364258,464,497,NoButton,Move
14.017892837524414,462,496,NoButton,Move
14.024627208709717,462,495,NoButton,Move
14.031618595123291,461,494,NoButton,Move
14.03861689567566,460,493,NoButton,Move
14.04567265510559,460,491,NoButton,Move
14.052472114562988,459,490,NoButton,Move
14.059471368789673,458,489,NoButton,Move
14.065557479858398,458,488,NoButton,Move
14.07298755645752,457,487,NoButton,Move
14.085999727249146,457,487,NoButton,Move
14.10711932182312,456,488,NoButton,Move
14.121165990829468,455,490,NoButton,Move
14.127720355987549,454,491,NoButton,Move
14.134576559066772,452,493,NoButton,Move
14.141571521759033,451,496,NoButton,Move
14.148329973220825,448,499,NoButton,Move
14.15521502494812,444,503,NoButton,Move
14.162216901779175,440,508,NoButton,Move
14.16886019706726,437,512,NoButton,Move
14.175905704498291,433,516,NoButton,Move
14.182240724563599,430,521,NoButton,Move
14.189657926559448,427,525,NoButton,Move
14.196309804916382,424,528,NoButton,Move
14.20332932472229,421,531,NoButton,Move
14.210171699523926,419,533,NoButton,Move
14.216988801956177,416,536,NoButton,Move
14.223977327346802,415,537,NoButton,Move
14.230226278305054,413,539,NoButton,Move
14.237585544586182,412,540,NoButton,Move
14.24439549446106,411,541,NoButton,Move
14.251348972320557,411,541,NoButton,Move
14.2582368850708,411,541,Button.left,Pressed
14.333760976791382,411,541,NoButton,Drag
14.340591192245483,411,540,NoButton,Drag
14.354187488555908,412,540,NoButton,Drag
14.361315727233887,415,540,NoButton,Drag
14.36757206916809,418,539,NoButton,Drag
14.375133752822876,425,539,NoButton,Drag
14.38163161277771,434,539,NoButton,Drag
14.38920521736145,449,540,NoButton,Drag
14.395624876022339,467,541,NoButton,Drag
14.402470827102661,490,542,NoButton,Drag
14.409351348876953,526,549,NoButton,Drag
14.416248798370361,562,555,NoButton,Drag
14.423136472702026,602,563,NoButton,Drag
14.429914474487305,656,575,NoButton,Drag
14.436408281326294,710,591,NoButton,Drag
14.443671703338623,768,608,NoButton,Drag
14.450453281402588,829,630,NoButton,Drag
14.45731520652771,891,655,NoButton,Drag
14.464319944381714,953,680,NoButton,Drag
14.471259355545044,1012,707,NoButton,Drag
14.477983951568604,1068,733,NoButton,Drag
14.485179901123047,1115,759,NoButton,Drag
14.491713285446167,1151,781,NoButton,Drag
14.498486518859863,1192,808,NoButton,Drag
14.505369901657104,1223,831,NoButton,Drag
14.512306213378906,1247,847,NoButton,Drag
14.519167184829712,1258,857,NoButton,Drag
14.526054382324219,1269,865,NoButton,Drag
14.533063173294067,1275,871,NoButton,Drag
14.539731502532959,1278,874,NoButton,Drag
14.546087980270386,1281,877,NoButton,Drag
14.55345344543457,1282,879,NoButton,Drag
14.560330152511597,1282,879,NoButton,Drag
14.56740140914917,1283,879,NoButton,Drag
14.601523399353027,1283,880,NoButton,Drag
14.608593225479126,1283,880,NoButton,Drag
14.615296602249146,1281,880,NoButton,Drag
14.622193098068237,1280,881,NoButton,Drag
14.629199981689453,1280,881,NoButton,Drag
14.63620138168335,1278,881,NoButton,Drag
14.643220663070679,1277,882,NoButton,Drag
14.649521350860596,1277,882,NoButton,Drag
14.65644097328186,1276,883,NoButton,Drag
14.663431882858276,1275,884,NoButton,Drag
14.67043423652649,1275,884,NoButton,Drag
14.67720365524292,1274,884,NoButton,Drag
14.684639692306519,1273,885,NoButton,Drag
14.690650939941406,1272,887,NoButton,Drag
14.6976318359375,1272,887,NoButton,Drag
14.704603910446167,1271,888,NoButton,Drag
14.7114839553833,1270,889,NoButton,Drag
14.718656539916992,1270,889,NoButton,Drag
14.725255966186523,1268,890,NoButton,Drag
14.732111930847168,1267,890,NoButton,Drag
14.738945245742798,1267,890,NoButton,Drag
14.745837450027466,1266,890,NoButton,Drag
14.752630710601807,1265,890,NoButton,Drag
14.76638150215149,1265,890,Button.left,Released
14.953676700592041,1261,884,NoButton,Move
14.960516214370728,1255,875,NoButton,Move
14.967485666275024,1248,863,NoButton,Move
14.974299192428589,1236,848,NoButton,Move
14.981204509735107,1223,828,NoButton,Move
14.988187789916992,1213,814,NoButton,Move
14.994803428649902,1203,800,NoButton,Move
15.001802206039429,1193,783,NoButton,Move
15.008652925491333,1184,771,NoButton,Move
15.01487684249878,1176,759,NoButton,Move
15.0224928855896,1169,746,NoButton,Move
15.029344320297241,1165,737,NoButton,Move
15.036004543304443,1160,725,NoButton,Move
15.042836427688599,1156,715,NoButton,Move
15.049849033355713,1153,704,NoButton,Move
15.056525230407715,1151,695,NoButton,Move
15.063763856887817,1148,688,NoButton,Move
15.070815563201904,1146,683,NoButton,Move
15.077218294143677,1144,675,NoButton,Move
15.083964824676514,1143,672,NoButton,Move
15.09100604057312,1142,668,NoButton,Move
15.097854375839233,1141,665,NoButton,Move
15.105122804641724,1140,661,NoButton,Move
15.111831665039062,1140,658,NoButton,Move
15.118613719940186,1139,656,NoButton,Move
15.125618696212769,1139,653,NoButton,Move
15.132434368133545,1139,650,NoButton,Move
15.139211416244507,1139,648,NoButton,Move
15.145970344543457,1139,646,NoButton,Move
15.153014421463013,1139,643,NoButton,Move
15.159788608551025,1139,642,NoButton,Move
15.166579008102417,1140,640,NoButton,Move
15.173604965209961,1140,638,NoButton,Move
15.180606603622437,1140,637,NoButton,Move
15.187205076217651,1140,635,NoButton,Move
15.194047689437866,1140,634,NoButton,Move
15.201040506362915,1140,632,NoButton,Move
15.208082437515259,1140,630,NoButton,Move
15.214736461639404,1140,628,NoButton,Move
15.221492052078247,1140,625,NoButton,Move
15.228567600250244,1140,623,NoButton,Move
15.235357522964478,1140,621,NoButton,Move
15.242108583450317,1140,618,NoButton,Move
15.249021053314209,1141,614,NoButton,Move
15.255754709243774,1142,612,NoButton,Move
15.2627272605896,1142,608,NoButton,Move
15.26961088180542,1143,604,NoButton,Move
15.27668285369873,1144,600,NoButton,Move
15.283573389053345,1145,595,NoButton,Move
15.290199279785156,1145,591,NoButton,Move
15.297116041183472,1146,587,NoButton,Move
15.303820133209229,1146,583,NoButton,Move
15.31092619895935,1146,581,NoButton,Move
15.317825317382812,1146,577,NoButton,Move
15.324986696243286,1146,574,NoButton,Move
15.331634521484375,1146,571,NoButton,Move
15.338182210922241,1145,567,NoButton,Move
15.345126152038574,1145,564,NoButton,Move
15.351941347122192,1144,559,NoButton,Move
15.359005689620972,1144,554,NoButton,Move
15.366215944290161,1144,549,NoButton,Move
15.3729727268219,1143,545,NoButton,Move
15.379173755645752,1143,542,NoButton,Move
15.385965824127197,1143,539,NoButton,Move
15.39298939704895,1142,538,NoButton,Move
15.400410413742065,1142,536,NoButton,Move
15.406944513320923,1142,533,NoButton,Move
15.414783954620361,1142,533,Button.left,Pressed
15.420982122421265,1142,533,NoButton,Drag
15.427618980407715,1141,532,NoButton,Drag
15.441275835037231,1140,531,NoButton,Drag
15.475778341293335,1140,531,NoButton,Drag
15.482647180557251,1140,531,NoButton,Drag
15.509806632995605,1139,531,NoButton,Drag
15.516793966293335,1138,532,NoButton,Drag
15.523458480834961,1138,533,NoButton,Drag
15.530502796173096,1138,535,NoButton,Drag
15.537378311157227,1138,539,NoButton,Drag
15.544268608093262,1138,544,NoButton,Drag
15.551107168197632,1138,549,NoButton,Drag
15.557872772216797,1138,562,NoButton,Drag
15.564826250076294,1138,577,NoButton,Drag
15.571729183197021,1139,594,NoButton,Drag
15.578573942184448,1140,614,NoButton,Drag
15.585639476776123,1142,639,NoButton,Drag
15.592400550842285,1142,667,NoButton,Drag
15.599174737930298,1144,698,NoButton,Drag
15.60571026802063,1145,723,NoButton,Drag
15.612753868103027,1145,747,NoButton,Drag
15.61974310874939,1145,763,NoButton,Drag
15.626821756362915,1145,789,NoButton,Drag
15.633780479431152,1147,802,NoButton,Drag
15.640261173248291,1147,812,NoButton,Drag
15.646836280822754,1148,824,NoButton,Drag
15.654210090637207,1148,832,NoButton,Drag
15.660876035690308,1148,841,NoButton,Drag
15.667880535125732,1148,846,NoButton,Drag
15.674879312515259,1148,851,NoButton,Drag
15.681879758834839,1148,855,NoButton,Drag
15.688936233520508,1148,857,NoButton,Drag
15.694991827011108,1148,861,NoButton,Drag
15.702015161514282,1148,865,NoButton,Drag
15.709001779556274,1148,869,NoButton,Drag
15.71592664718628,1148,872,NoButton,Drag
15.7227623462677,1147,876,NoButton,Drag
15.729969263076782,1147,879,NoButton,Drag
15.736537218093872,1147,880,NoButton,Drag
15.743564367294312,1147,883,NoButton,Drag
15.750234842300415,1147,885,NoButton,Drag
15.757054567337036,1146,885,NoButton,Drag
15.763962507247925,1146,887,NoButton,Drag
15.770876407623291,1146,888,NoButton,Drag
15.777931213378906,1146,888,NoButton,Drag
15.783935070037842,1146,888,NoButton,Drag
15.839531898498535,1146,888,NoButton,Drag
15.846282243728638,1146,888,Button.left,Released
16.077685117721558,1156,872,NoButton,Move
16.084540605545044,1175,847,NoButton,Move
16.091398239135742,1194,823,NoButton,Move
16.09828543663025,1222,788,NoButton,Move
16.105132579803467,1251,750,NoButton,Move
16.1120285987854,1289,708,NoButton,Move
16.119153261184692,1326,666,NoButton,Move
16.12578535079956,1369,625,NoButton,Move
16.132628679275513,1408,588,NoButton,Move
16.139251232147217,1444,555,NoButton,Move
16.146491289138794,1475,530,NoButton,Move
16.153212547302246,1497,512,NoButton,Move
16.160083770751953,1512,500,NoButton,Move
16.16722297668457,1523,492,NoButton,Move
16.174458980560303,1530,487,NoButton,Move
16.18047261238098,1536,483,NoButton,Move
16.187461614608765,1538,482,NoButton,Move
16.194653511047363,1540,481,NoButton,Move
16.201759338378906,1541,481,NoButton,Move
16.208667516708374,1541,480,NoButton,Move
16.214716911315918,1543,480,NoButton,Move
16.22174048423767,1544,479,NoButton,Move
16.229161262512207,1546,478,NoButton,Move
16.23566198348999,1548,478,NoButton,Move
16.24222183227539,1549,477,NoButton,Move
16.249515056610107,1550,477,NoButton,Move
16.25632905960083,1551,477,NoButton,Move
16.26326894760132,1551,477,NoButton,Move
16.270111560821533,1552,477,NoButton,Move
16.31804132461548,1553,477,NoButton,Move
16.325214862823486,1554,477,NoButton,Move
16.331878662109375,1554,476,NoButton,Move
16.338176488876343,1555,476,NoButton,Move
16.345552682876587,1556,475,NoButton,Move
16.352579832077026,1557,474,NoButton,Move
16.35921835899353,1560,474,NoButton,Move
16.366179704666138,1562,472,NoButton,Move
16.373186349868774,1566,470,NoButton,Move
16.379831075668335,1569,467,NoButton,Move
16.386702299118042,1575,463,NoButton,Move
16.393508434295654,1580,460,NoButton,Move
16.400413513183594,1585,457,NoButton,Move
16.40736699104309,1589,453,NoButton,Move
16.41437077522278,1591,452,NoButton,Move
16.421204328536987,1594,450,NoButton,Move
16.427956581115723,1595,448,NoButton,Move
16.434813737869263,1595,447,NoButton,Move
16.44170331954956,1596,447,NoButton,Move
16.455555200576782,1596,447,NoButton,Move
16.462539672851562,1596,448,NoButton,Move
16.46864652633667,1596,450,NoButton,Move
16.475966691970825,1593,452,NoButton,Move
16.48284101486206,1591,454,NoButton,Move
16.489653825759888,1587,458,NoButton,Move
16.496657133102417,1579,463,NoButton,Move
16.503612756729126,1572,468,NoButton,Move
16.510721683502197,1561,476,NoButton,Move
16.517203092575073,1552,481,NoButton,Move
16.523744821548462,1543,487,NoButton,Move
16.530768632888794,1535,493,NoButton,Move
16.537740468978882,1528,497,NoButton,Move
16.544642686843872,1520,500,NoButton,Move
16.551680088043213,1514,504,NoButton,Move
16.55832076072693,1509,506,NoButton,Move
16.565224647521973,1503,510,NoButton,Move
16.572365760803223,1499,512,NoButton,Move
16.57907772064209,1493,514,NoButton,Move
16.585875511169434,1489,516,NoButton,Move
16.592698574066162,1485,518,NoButton,Move
16.599648475646973,1481,520,NoButton,Move
16.606516122817993,1478,522,NoButton,Move
16.613224506378174,1475,523,NoButton,Move
16.620234727859497,1475,523,Button.left,Pressed
16.62718176841736,1475,523,NoButton,Drag
16.63394021987915,1474,523,NoButton,Drag
16.675442934036255,1473,523,NoButton,Drag
16.730066776275635,1473,523,NoButton,Drag
16.74324679374695,1473,523,NoButton,Drag
16.764390230178833,1473,525,NoButton,Drag
16.771145582199097,1473,527,NoButton,Drag
16.777952194213867,1473,532,NoButton,Drag
16.784609079360962,1471,539,NoButton,Drag
16.79222798347473,1469,549,NoButton,Drag
16.79865050315857,1468,560,NoButton,Drag
16.805204153060913,1465,576,NoButton,Drag
16.812591075897217,1462,593,NoButton,Drag
16.819695949554443,1458,615,NoButton,Drag
16.825738430023193,1450,645,NoButton,Drag
16.832762002944946,1443,672,NoButton,Drag
16.839776515960693,1436,699,NoButton,Drag
16.846704959869385,1429,726,NoButton,Drag
16.853219747543335,1422,750,NoButton,Drag
16.860657691955566,1415,771,NoButton,Drag
16.86737036705017,1409,792,NoButton,Drag
16.87431287765503,1403,807,NoButton,Drag
16.88106393814087,1398,821,NoButton,Drag
16.887948513031006,1394,835,NoButton,Drag
16.894853830337524,1390,845,NoButton,Drag
16.903862476348877,1386,854,NoButton,Drag
16.908863306045532,1384,861,NoButton,Drag
16.914865732192993,1382,865,NoButton,Drag
16.922290086746216,1381,869,NoButton,Drag
16.92915368080139,1379,872,NoButton,Drag
16.936195373535156,1378,874,NoButton,Drag
16.942890882492065,1377,875,NoButton,Drag
16.949898719787598,1377,877,NoButton,Drag
16.956852912902832,1375,879,NoButton,Drag
16.963442087173462,1375,880,NoButton,Drag
16.970322847366333,1374,881,NoButton,Drag
16.977561235427856,1374,882,NoButton,Drag
16.984084606170654,1373,883,NoButton,Drag
16.990917921066284,1372,884,NoButton,Drag
16.997822046279907,1372,885,NoButton,Drag
17.087128162384033,1371,885,NoButton,Drag
17.10766887664795,1371,885,NoButton,Drag
17.114601373672485,1371,885,Button.left,Released
17.330432891845703,1366,873,NoButton,Move
17.337209463119507,1358,851,NoButton,Move
17.344134092330933,1346,819,NoButton,Move
17.351086854934692,1330,768,NoButton,Move
17.357881784439087,1314,714,NoButton,Move
17.364582538604736,1298,673,NoButton,Move
17.371209621429443,1282,621,NoButton,Move
17.378461837768555,1263,570,NoButton,Move
17.385305404663086,1245,521,NoButton,Move
17.39219379425049,1226,473,NoButton,Move
17.399114847183228,1212,438,NoButton,Move
17.405925750732422,1201,413,NoButton,Move
17.41320300102234,1193,394,NoButton,Move
17.419536590576172,1186,379,NoButton,Move
17.426276206970215,1179,363,NoButton,Move
17.43331480026245,1175,351,NoButton,Move
17.4401593208313,1170,341,NoButton,Move
17.446796894073486,1167,332,NoButton,Move
17.45391607284546,1165,325,NoButton,Move
17.460749864578247,1162,319,NoButton,Move
17.467730283737183,1161,313,NoButton,Move
17.47449493408203,1160,309,NoButton,Move
17.48146915435791,1158,307,NoButton,Move
17.48832607269287,1157,304,NoButton,Move
17.495060443878174,1156,301,NoButton,Move
17.50198221206665,1156,300,NoButton,Move
17.5090069770813,1155,299,NoButton,Move
17.515730381011963,1155,297,NoButton,Move
17.52203607559204,1155,297,NoButton,Move
17.53631281852722,1154,296,NoButton,Move
17.550063848495483,1154,295,NoButton,Move
17.570677280426025,1154,294,NoButton,Move
17.577240705490112,1154,294,NoButton,Move
17.591219425201416,1154,293,NoButton,Move
17.598154544830322,1154,292,NoButton,Move
17.60515260696411,1153,291,NoButton,Move
17.61182737350464,1153,290,NoButton,Move
17.61881947517395,1152,289,NoButton,Move
17.625643968582153,1152,289,NoButton,Move
17.63251495361328,1152,288,NoButton,Move
17.639267683029175,1152,287,NoButton,Move
17.659825086593628,1151,287,NoButton,Move
17.701411247253418,1151,287,Button.left,Pressed
17.728634119033813,1151,287,NoButton,Drag
17.73555588722229,1151,288,NoButton,Drag
17.749431610107422,1151,289,NoButton,Drag
17.755921840667725,1151,290,NoButton,Drag
17.762925624847412,1151,292,NoButton,Drag
17.769744634628296,1152,295,NoButton,Drag
17.776644945144653,1154,301,NoButton,Drag
17.783480882644653,1156,307,NoButton,Drag
17.79035210609436,1159,316,NoButton,Drag
17.79715085029602,1163,326,NoButton,Drag
17.804001331329346,1168,338,NoButton,Drag
17.811017513275146,1172,354,NoButton,Drag
17.817890167236328,1182,374,NoButton,Drag
17.82473874092102,1193,402,NoButton,Drag
17.832098722457886,1201,424,NoButton,Drag
17.83850932121277,1211,446,NoButton,Drag
17.84513807296753,1225,475,NoButton,Drag
17.85319185256958,1240,502,NoButton,Drag
17.859185218811035,1256,534,NoButton,Drag
17.866068840026855,1272,564,NoButton,Drag
17.87322163581848,1291,597,NoButton,Drag
17.879236221313477,1309,627,NoButton,Drag
17.886265993118286,1330,661,NoButton,Drag
17.89324402809143,1350,688,NoButton,Drag
17.900248289108276,1370,719,NoButton,Drag
17.907249927520752,1389,743,NoButton,Drag
17.913954496383667,1408,768,NoButton,Drag
17.920855283737183,1425,792,NoButton,Drag
17.92796564102173,1439,810,NoButton,Drag
17.93461537361145,1451,823,NoButton,Drag
17.941425800323486,1464,840,NoButton,Drag
17.948646306991577,1475,849,NoButton,Drag
17.955180168151855,1482,857,NoButton,Drag
17.962062120437622,1488,862,NoButton,Drag
17.96896266937256,1492,866,NoButton,Drag
17.976015090942383,1495,868,NoButton,Drag
17.98264479637146,1497,870,NoButton,Drag
17.98925256729126,1499,870,NoButton,Drag
17.996381998062134,1499,871,NoButton,Drag
18.09922981262207,1500,871,NoButton,Drag
18.119850397109985,1501,872,NoButton,Drag
18.13408064842224,1501,872,NoButton,Drag
18.14736247062683,1501,873,NoButton,Drag
18.16800045967102,1502,873,NoButton,Drag
18.175217628479004,1502,873,Button.left,Released
